IP Address,Open Ports,Scan Time
0,"Starting Nmap 7.94 ( https://nmap.org ) at 2023-12-02 21:24 Eastern Standard Time
Nmap done: 0 IP addresses (0 hosts up) scanned in 11.87 seconds
",11.911106586456299
0,"Starting Nmap 7.94 ( https://nmap.org ) at 2023-12-02 21:25 Eastern Standard Time
Nmap done: 0 IP addresses (0 hosts up) scanned in 2.79 seconds
",2.82753849029541
0,"Starting Nmap 7.94 ( https://nmap.org ) at 2023-12-02 21:25 Eastern Standard Time
Nmap done: 0 IP addresses (0 hosts up) scanned in 2.79 seconds
",2.8243093490600586
0,"Starting Nmap 7.94 ( https://nmap.org ) at 2023-12-02 21:25 Eastern Standard Time
Nmap done: 0 IP addresses (0 hosts up) scanned in 2.77 seconds
",2.806889772415161
0,"Starting Nmap 7.94 ( https://nmap.org ) at 2023-12-02 21:25 Eastern Standard Time
Nmap done: 0 IP addresses (0 hosts up) scanned in 2.77 seconds
",2.8080854415893555
0,"Starting Nmap 7.94 ( https://nmap.org ) at 2023-12-02 21:25 Eastern Standard Time
Nmap done: 0 IP addresses (0 hosts up) scanned in 2.79 seconds
",2.818866491317749
0,"Starting Nmap 7.94 ( https://nmap.org ) at 2023-12-02 21:25 Eastern Standard Time
Nmap done: 0 IP addresses (0 hosts up) scanned in 11.86 seconds
",11.897425651550293
0,"Starting Nmap 7.94 ( https://nmap.org ) at 2023-12-02 21:25 Eastern Standard Time
Nmap done: 0 IP addresses (0 hosts up) scanned in 2.79 seconds
",2.831592559814453
0,"Starting Nmap 7.94 ( https://nmap.org ) at 2023-12-02 21:25 Eastern Standard Time
Nmap done: 0 IP addresses (0 hosts up) scanned in 2.78 seconds
",2.8015174865722656
0,"Starting Nmap 7.94 ( https://nmap.org ) at 2023-12-02 21:25 Eastern Standard Time
Nmap done: 0 IP addresses (0 hosts up) scanned in 2.78 seconds
",2.8180935382843018
0,"Starting Nmap 7.94 ( https://nmap.org ) at 2023-12-02 21:25 Eastern Standard Time
Nmap done: 0 IP addresses (0 hosts up) scanned in 2.79 seconds
",2.81799054145813
